{
  "value": 0.4755931360750563,
  "params": {
    "lr": 2.3270677083837777e-05,
    "weight_decay": 8.17949947521167e-05,
    "batch_size": 2,
    "dropout": 0.14561457009902096
  }
}